KEY,CATEGORY,ENGLISH_TEXT,SPANISH_TEXT,CHANGE_FROM,CHANGE_TO,STATUS,NOTES
groupRedirect,General,"@{username} I sent you a private message about your request. Please check it out. We do this for privacy reasons and to comply with our Group's anti-spam policy.","@{username} Te enviÃ© un mensaje privado sobre tu solicitud. Por favor revÃ­salo. Esto es por privacidad y para cumplir con la polÃ­tica anti-spam del grupo.",,,,
welcome,General,ğŸ‘‹ Welcome to PNPtv!,ğŸ‘‹ Â¡Bienvenido a PNPtv!,,,,
welcomeScreen,General,"Welcome to PNPtv! Premium - This is your control dashboard. From here, you can access all your premium features","Bienvenido a PNPtv! Premium - Este es tu panel de control. Desde aquÃ­ puedes acceder a todas tus funciones premium",,,,
welcomeScreenFree,General,"PNPtv! Welcome to PNPtv! Enjoy the full experience from here. Unlock all premium features","PNPtv! Bienvenido a PNPtv! Disfruta la experiencia completa desde aquÃ­. Desbloquea todas las funciones premium",,,,
welcomeScreenPrime,General,"Â¡Bienvenido a PNPtv PRIME! - Este es tu panel PRIME. Desde aquÃ­ puedes acceder a todas tus funciones premium","Â¡Bienvenido a PNPtv PRIME! - Este es tu panel PRIME. Desde aquÃ­ puedes acceder a todas tus funciones premium",,,,
back,General,ğŸ”™ Back,ğŸ”™ AtrÃ¡s,,,,
cancel,General,âŒ Cancel,âŒ Cancelar,,,,
next,General,â¡ï¸ Next,â¡ï¸ Siguiente,,,,
confirm,General,âœ… Confirm,âœ… Confirmar,,,,
error,General,âŒ An error occurred. Please try again.,âŒ OcurriÃ³ un error. Por favor intenta de nuevo.,,,,
success,General,âœ… Success!,âœ… Â¡Ã‰xito!,,,,
loading,General,â³ Loading...,â³ Cargando...,,,,
days,General,days,dÃ­as,,,,
selectLanguage,Onboarding,Please select your language:,Por favor selecciona tu idioma:,,,,
languageSelected,Onboarding,Language set to English ğŸ‡ºğŸ‡¸,Idioma configurado a EspaÃ±ol ğŸ‡ªğŸ‡¸,,,,
ageConfirmation,Onboarding,Are you 18 years or older?,Â¿Tienes 18 aÃ±os o mÃ¡s?,,,,
ageConfirmYes,Onboarding,"Yes, I am 18+","SÃ­, tengo 18+",,,,
ageConfirmNo,Onboarding,No,No,,,,
underAge,Onboarding,"Sorry, you must be 18 or older to use this service.","Lo sentimos, debes tener 18 aÃ±os o mÃ¡s para usar este servicio.",,,,
termsAndPrivacy,Onboarding,Please read and accept our Terms of Service and Privacy Policy:,Por favor lee y acepta nuestros TÃ©rminos de Servicio y PolÃ­tica de Privacidad:,,,,
termsAccepted,Onboarding,Terms and Privacy Policy accepted âœ…,TÃ©rminos y PolÃ­tica de Privacidad aceptados âœ…,,,,
emailPrompt,Onboarding,ğŸ“§ Please provide your email address:,ğŸ“§ Por favor proporciona tu direcciÃ³n de correo electrÃ³nico:,,,,
emailRequiredNote,Onboarding,âš ï¸ Email is required to complete your registration. We need your email in case the community gets deleted for reasons out of our control, so we can communicate with you and provide important updates.,âš ï¸ El correo electrÃ³nico es obligatorio para completar tu registro. Necesitamos tu correo en caso de que la comunidad sea eliminada por razones fuera de nuestro control, para poder comunicarnos contigo y proporcionarte actualizaciones importantes.,,,,
emailReceived,Onboarding,Email saved successfully!,Â¡Correo guardado exitosamente!,,,,
onboardingComplete,Onboarding,ğŸ‰ Welcome aboard! Your profile is all set. Use /menu to get started.,ğŸ‰ Â¡Bienvenido! Tu perfil estÃ¡ configurado. Usa /menu para comenzar.,,,,
mainMenuIntro,Main Menu,ğŸ¬ Welcome to PNPtv - Your Entertainment Hub! What would you like to do?,ğŸ¬ Bienvenido a PNPtv - Â¡Tu Centro de Entretenimiento! Â¿QuÃ© te gustarÃ­a hacer?,,,,
subscribe,Main Menu,"Subscribe to PNPtv PRIME - Join the most intense PNP content platform created by and for the community. PRIME gives you full access to full-length videos, exclusive releases, live streams, Zoom Rooms, and more.","SuscrÃ­bete a PNPtv PRIME - Ãšnete a la plataforma de contenido PNP mÃ¡s intensa. PRIME te da acceso total a videos completos, estrenos exclusivos, transmisiones en vivo, Salas Zoom y mÃ¡s.",,,,
myProfile,Main Menu,ğŸ‘¤ My Profile,ğŸ‘¤ Mi Perfil,,,,
nearbyUsers,Main Menu,ğŸŒ Nearby Users,ğŸŒ Usuarios Cercanos,,,,
liveStreams,Main Menu,ğŸ¤ Live Streams,ğŸ¤ Transmisiones en Vivo,,,,
radioMenu,Main Menu,ğŸ“» Radio,ğŸ“» Radio,,,,
support,Main Menu,ğŸ¤– Support,ğŸ¤– Soporte,,,,
settings,Main Menu,âš™ï¸ Settings,âš™ï¸ ConfiguraciÃ³n,,,,
subscriptionHeader,Subscription,Subscribe to PNPtv PRIME,SuscrÃ­bete a PNPtv PRIME,,,,
subscriptionDivider,Subscription,---------------------------------------,---------------------------------------,,,,
subscriptionDescription,Subscription,"Unlock the full PNPtv! experience and dive into the hottest community of Latinos smoking & slamming on Telegram. Choose your plan to access long-session videos, weekly releases, community features, and the full videography of Santino and other sexy Latino boys.","Desbloquea la experiencia completa de PNPtv y sumÃ©rgete en la comunidad mÃ¡s intensa de Latinos fumando y slamming en Telegram. Elige tu plan para acceder a videos de sesiones largas, lanzamientos semanales, funciones comunitarias y la videografÃ­a completa de Santino y otros chicos latinos sexys.",,,,
subscriptionPlans,Subscription,ğŸ’ Choose Your PRIME Plan:,ğŸ’ Elige tu Plan PRIME:,,,,
planMonthly,Subscription,ğŸ—“ï¸ Monthly Pass - $24.99/30 days,ğŸ—“ï¸ Pase Mensual - $24.99/30 dÃ­as,,,,
planMonthlyDesc,Subscription,"Our most popular plan with full access and no limits. Includes unlimited access to all PNPtv! channels, full videography, live streams, Zoom rooms, unlimited Nearby access, and profile card.","Nuestro plan mÃ¡s popular con acceso total y sin lÃ­mites. Incluye acceso ilimitado a todos los canales de PNPtv!, videografÃ­a completa, transmisiones en vivo, salas Zoom, acceso ilimitado a Cercanos y tarjeta de perfil.",,,,
planCrystal,Subscription,ğŸ’ Crystal Pass - $49.99/180 days,ğŸ’ Pase Crystal - $49.99/180 dÃ­as,,,,
planCrystalDesc,Subscription,"Half a year of complete access to the PNPtv! community. Includes unlimited access, full videography, long-duration videos, weekly releases, Zoom rooms, Live Stream PNP shows, unlimited Nearby access, community events, and early access to upcoming features.","Medio aÃ±o de acceso total a la comunidad PNPtv!. Incluye acceso ilimitado, videografÃ­a completa, videos de larga duraciÃ³n, estrenos semanales, salas Zoom, shows en vivo de PNP, acceso ilimitado a Cercanos, eventos comunitarios y acceso anticipado a nuevas funciones.",,,,
planDiamond,Subscription,ğŸ’ Diamond Pass - $99.99/365 days,ğŸ’ Pase Diamond - $99.99/365 dÃ­as,,,,
planDiamondDesc,Subscription,"One full year of the PNPtv! experience with all premium features included. Includes unlimited access to every channel/group, complete videography, long-session videos, weekly exclusive releases, Zoom rooms, private streams, community events, unlimited Nearby access, ability to host Zoom sessions, VIP support and special member badges.","Un aÃ±o completo de experiencia PNPtv! con todas las funciones premium incluidas. Incluye acceso ilimitado a todos los canales/grupos, videografÃ­a completa, videos de larga duraciÃ³n, estrenos exclusivos semanales, salas Zoom, transmisiones privadas, eventos comunitarios, acceso ilimitado a Cercanos, capacidad para organizar sesiones Zoom, soporte VIP y badges especiales de miembro.",,,,
planLifetime,Subscription,â™¾ï¸ Lifetime Pass - $249.99,â™¾ï¸ Pase Lifetime - $249.99,,,,
planLifetimeDesc,Subscription,"The ultimate PNPtv! pass with permanent, unlimited access. Includes lifetime access to all channels, groups, and community features, full videography plus all future videos, long-duration sessions, weekly uploads, Zoom rooms, private shows, exclusive events, unlimited Nearby access, ability to host Zoom sessions anytime, permanent VIP support and lifetime member status.","El pase definitivo de PNPtv! con acceso permanente e ilimitado. Incluye acceso de por vida a todos los canales, grupos y funciones comunitarias, videografÃ­a completa y todos los futuros videos, sesiones de larga duraciÃ³n, subidas semanales, salas Zoom, shows privados, eventos exclusivos, acceso ilimitado a Cercanos, capacidad para organizar sesiones Zoom en cualquier momento, soporte VIP permanente y estatus de miembro de por vida.",,,,
planDetails,Subscription,Plan Details:,Detalles del Plan:,,,,
selectPlan,Subscription,Select Plan,Seleccionar Plan,,,,
paymentMethod,Subscription,Choose payment method:,Elige mÃ©todo de pago:,,,,
payWithEpayco,Subscription,ğŸ’³ Pay with ePayco (USD),ğŸ’³ Pagar con ePayco (USD),,,,
payWithDaimo,Subscription,ğŸ’° Pay with Daimo (USDC),ğŸ’° Pagar con Daimo (USDC),,,,
paymentInstructions,Subscription,"ğŸ’³ Payment Instructions: Please click the link below to complete your payment. Once payment is confirmed, your subscription will be activated automatically.","ğŸ’³ Instrucciones de Pago: Por favor haz clic en el enlace para completar tu pago. Una vez confirmado el pago, tu suscripciÃ³n se activarÃ¡ automÃ¡ticamente.",,,,
paymentSuccess,Subscription,âœ… Payment successful! Your PRIME subscription is now active. Enjoy premium features!,âœ… Â¡Pago exitoso! Tu suscripciÃ³n PRIME estÃ¡ activa. Â¡Disfruta las funciones premium!,,,,
paymentFailed,Subscription,âŒ Payment failed. Please try again or contact support.,âŒ Pago fallido. Por favor intenta de nuevo o contacta soporte.,,,,
subscriptionActive,Subscription,Your subscription is active until {expiry},Tu suscripciÃ³n estÃ¡ activa hasta {expiry},,,,
subscriptionExpired,Subscription,Your subscription has expired. Please renew to continue enjoying PRIME features.,Tu suscripciÃ³n ha expirado. Por favor renueva para continuar disfrutando PRIME.,,,,
profileTitle,Profile,ğŸ‘¤ Your Profile,ğŸ‘¤ Tu Perfil,,,,
editProfile,Profile,âœï¸ Edit Profile,âœï¸ Editar Perfil,,,,
editPhoto,Profile,ğŸ“¸ Change Photo,ğŸ“¸ Cambiar Foto,,,,
editBio,Profile,ğŸ“ Edit Bio,ğŸ“ Editar Bio,,,,
editLocation,Profile,ğŸ“ Update Location,ğŸ“ Actualizar UbicaciÃ³n,,,,
editInterests,Profile,ğŸ¯ Edit Interests,ğŸ¯ Editar Intereses,,,,
privacySettings,Profile,ğŸ”’ Privacy Settings,ğŸ”’ ConfiguraciÃ³n de Privacidad,,,,
sendPhoto,Profile,Please send your new profile photo:,Por favor envÃ­a tu nueva foto de perfil:,,,,
photoUpdated,Profile,Profile photo updated successfully!,Â¡Foto de perfil actualizada exitosamente!,,,,
sendBio,Profile,Please send your new bio (max 500 characters):,Por favor envÃ­a tu nueva biografÃ­a (mÃ¡x 500 caracteres):,,,,
bioUpdated,Profile,Bio updated successfully!,Â¡BiografÃ­a actualizada exitosamente!,,,,
sendLocation,Profile,Please share your location:,Por favor comparte tu ubicaciÃ³n:,,,,
locationUpdated,Profile,Location updated successfully!,Â¡UbicaciÃ³n actualizada exitosamente!,,,,
sendInterests,Profile,"Please send your interests (comma-separated, max 10):","Por favor envÃ­a tus intereses (separados por comas, mÃ¡x 10):",,,,
interestsUpdated,Profile,Interests updated successfully!,Â¡Intereses actualizados exitosamente!,,,,
profileViews,Profile,Profile Views: {views},Visitas al Perfil: {views},,,,
memberSince,Profile,Member since: {date},Miembro desde: {date},,,,
addToFavorites,Profile,â­ Add to Favorites,â­ Agregar a Favoritos,,,,
removeFromFavorites,Profile,âŒ Remove from Favorites,âŒ Quitar de Favoritos,,,,
blockUser,Profile,ğŸš« Block User,ğŸš« Bloquear Usuario,,,,
unblockUser,Profile,âœ… Unblock User,âœ… Desbloquear Usuario,,,,
userBlocked,Profile,User has been blocked.,El usuario ha sido bloqueado.,,,,
userUnblocked,Profile,User has been unblocked.,El usuario ha sido desbloqueado.,,,,
addedToFavorites,Profile,User added to your favorites!,Â¡Usuario agregado a tus favoritos!,,,,
removedFromFavorites,Profile,User removed from your favorites.,Usuario removido de tus favoritos.,,,,
myFavorites,Profile,â­ My Favorites,â­ Mis Favoritos,,,,
noFavorites,Profile,You have no favorites yet.,AÃºn no tienes favoritos.,,,,
blockedUsers,Profile,ğŸš« Blocked Users,ğŸš« Usuarios Bloqueados,,,,
noBlockedUsers,Profile,You have no blocked users.,No tienes usuarios bloqueados.,,,,
shareProfile,Profile,ğŸ“¤ Share Profile,ğŸ“¤ Compartir Perfil,,,,
profileShared,Profile,Profile card created! Tap to share it.,Â¡Tarjeta de perfil creada! Toca para compartirla.,,,,
shareProfileCard,Profile,Share My Profile Card,Compartir Mi Tarjeta de Perfil,,,,
privacyTitle,Profile,ğŸ”’ Privacy Settings,ğŸ”’ ConfiguraciÃ³n de Privacidad,,,,
showLocation,Profile,ğŸ“ Show my location,ğŸ“ Mostrar mi ubicaciÃ³n,,,,
showInterests,Profile,ğŸ¯ Show my interests,ğŸ¯ Mostrar mis intereses,,,,
showBio,Profile,ğŸ“ Show my bio,ğŸ“ Mostrar mi biografÃ­a,,,,
allowMessages,Profile,ğŸ’¬ Allow messages from others,ğŸ’¬ Permitir mensajes de otros,,,,
showOnline,Profile,ğŸŸ¢ Show when I'm online,ğŸŸ¢ Mostrar cuando estoy en lÃ­nea,,,,
privacyUpdated,Profile,Privacy settings updated successfully!,Â¡ConfiguraciÃ³n de privacidad actualizada exitosamente!,,,,
viewUserProfile,Profile,View Profile,Ver Perfil,,,,
userNotFound,Profile,User not found.,Usuario no encontrado.,,,,
cannotViewProfile,Profile,You cannot view this profile.,No puedes ver este perfil.,,,,
badge_verified,Profile,âœ… Verified,âœ… Verificado,,,,
badge_premium,Profile,ğŸ’ Premium,ğŸ’ Premium,,,,
badge_vip,Profile,ğŸ‘‘ VIP,ğŸ‘‘ VIP,,,,
badge_moderator,Profile,ğŸ›¡ï¸ Moderator,ğŸ›¡ï¸ Moderador,,,,
badge_admin,Profile,ğŸ‘¨â€ğŸ’¼ Admin,ğŸ‘¨â€ğŸ’¼ Admin,,,,
nearbyTitle,Nearby,ğŸŒ Find Nearby Users,ğŸŒ Encontrar Usuarios Cercanos,,,,
selectRadius,Nearby,Select search radius:,Selecciona radio de bÃºsqueda:,,,,
radius5km,Nearby,ğŸ“ 5 km,ğŸ“ 5 km,,,,
radius10km,Nearby,ğŸ“ 10 km,ğŸ“ 10 km,,,,
radius25km,Nearby,ğŸ“ 25 km,ğŸ“ 25 km,,,,
noNearbyUsers,Nearby,No users found nearby. Try expanding your search radius.,No se encontraron usuarios cercanos. Intenta expandir tu radio de bÃºsqueda.,,,,
nearbyUsersFound,Nearby,Found {count} users nearby:,Se encontraron {count} usuarios cercanos:,,,,
viewProfile,Nearby,ğŸ‘ï¸ View Profile,ğŸ‘ï¸ Ver Perfil,,,,
sendMessage,Nearby,ğŸ’¬ Send Message,ğŸ’¬ Enviar Mensaje,,,,
distance,Nearby,Distance: {distance} km,Distancia: {distance} km,,,,
liveTitle,Live Streams,ğŸ¤ Live Streams,ğŸ¤ Transmisiones en Vivo,,,,
startLive,Live Streams,â–¶ï¸ Start Live Stream,â–¶ï¸ Iniciar TransmisiÃ³n,,,,
viewStreams,Live Streams,ğŸ‘ï¸ View Active Streams,ğŸ‘ï¸ Ver Transmisiones Activas,,,,
myStreams,Live Streams,ğŸ“¹ My Streams,ğŸ“¹ Mis Transmisiones,,,,
enterStreamTitle,Live Streams,Enter your stream title:,Ingresa el tÃ­tulo de tu transmisiÃ³n:,,,,
enterStreamDescription,Live Streams,Enter stream description (optional):,Ingresa descripciÃ³n de transmisiÃ³n (opcional):,,,,
streamPaid,Live Streams,Is this a paid stream?,Â¿Es una transmisiÃ³n de pago?,,,,
streamPrice,Live Streams,Enter stream price (USD):,Ingresa el precio de la transmisiÃ³n (USD):,,,,
streamCreated,Live Streams,âœ… Live stream created successfully!,âœ… Â¡TransmisiÃ³n en vivo creada exitosamente!,,,,
noActiveStreams,Live Streams,No active streams at the moment.,No hay transmisiones activas en este momento.,,,,
noStreamsYet,Live Streams,You haven't created any streams yet.,AÃºn no has creado ninguna transmisiÃ³n.,,,,
joinStream,Live Streams,â–¶ï¸ Join Stream,â–¶ï¸ Unirse a TransmisiÃ³n,,,,
joinedStream,Live Streams,âœ… You joined the stream!,âœ… Â¡Te uniste a la transmisiÃ³n!,,,,
leftStream,Live Streams,ğŸ‘‹ You left the stream,ğŸ‘‹ Saliste de la transmisiÃ³n,,,,
streamEnded,Live Streams,ğŸ›‘ Stream Ended,ğŸ›‘ TransmisiÃ³n Finalizada,,,,
streamNotFound,Live Streams,Stream not found,TransmisiÃ³n no encontrada,,,,
streamNotActive,Live Streams,This stream is not active,Esta transmisiÃ³n no estÃ¡ activa,,,,
streamFull,Live Streams,This stream has reached maximum viewers,Esta transmisiÃ³n alcanzÃ³ el mÃ¡ximo de espectadores,,,,
streamLiked,Live Streams,â¤ï¸ Liked!,â¤ï¸ Â¡Me gusta!,,,,
manageStream,Live Streams,Manage Stream,Gestionar TransmisiÃ³n,,,,
liveNow,Live Streams,Live Now,En Vivo Ahora,,,,
streamHostInstructions,Live Streams,Click "Start Broadcasting" to go live. Share your stream link with viewers!,Haz clic en "Iniciar TransmisiÃ³n" para salir en vivo. Â¡Comparte tu enlace con los espectadores!,,,,
streamInstructions,Live Streams,Click "Watch Stream" to start viewing. Enjoy!,Haz clic en "Ver TransmisiÃ³n" para comenzar a ver. Â¡Disfruta!,,,,
paidStreamNotice,Live Streams,ğŸ’° This is a paid stream,ğŸ’° Esta es una transmisiÃ³n de pago,,,,
paymentIntegrationPending,Live Streams,Payment integration coming soon. Free access for now!,IntegraciÃ³n de pagos prÃ³ximamente. Â¡Acceso gratuito por ahora!,,,,
selectStreamCategory,Live Streams,ğŸ“ Select a category for your stream:,ğŸ“ Selecciona una categorÃ­a para tu transmisiÃ³n:,,,,
browseByCategory,Live Streams,ğŸ“ Browse streams by category:,ğŸ“ Explorar transmisiones por categorÃ­a:,,,,
noStreamsInCategory,Live Streams,No streams found in this category,No hay transmisiones en esta categorÃ­a,,,,
streamsInCategory,Live Streams,Streams,Transmisiones,,,,
streamComments,Live Streams,Stream Comments,Comentarios de la TransmisiÃ³n,,,,
noCommentsYet,Live Streams,No comments yet. Be the first to comment!,Â¡No hay comentarios aÃºn. SÃ© el primero en comentar!,,,,
enterComment,Live Streams,Type your comment (max 500 characters):,Escribe tu comentario (mÃ¡x 500 caracteres):,,,,
commentAdded,Live Streams,Comment added successfully!,Â¡Comentario agregado exitosamente!,,,,
bannedFromCommenting,Live Streams,You are banned from commenting on this stream,EstÃ¡s bloqueado de comentar en esta transmisiÃ³n,,,,
commentsDisabled,Live Streams,Comments are disabled for this stream,Los comentarios estÃ¡n deshabilitados para esta transmisiÃ³n,,,,
availableVODs,VOD,Available Recordings,Grabaciones Disponibles,,,,
noVODsAvailable,VOD,No recordings available yet,No hay grabaciones disponibles aÃºn,,,,
watchVOD,VOD,Watch Recording,Ver GrabaciÃ³n,,,,
vodNotFound,VOD,Recording not found,GrabaciÃ³n no encontrada,,,,
shareStream,Share,Share Stream,Compartir TransmisiÃ³n,,,,
shareLinkCopied,Share,Share link ready!,Â¡Enlace listo para compartir!,,,,
shareInstructions,Share,Share this link with your friends or post it on Telegram!,Â¡Comparte este enlace con tus amigos o publÃ­calo en Telegram!,,,,
shareToTelegram,Share,Share to Telegram,Compartir en Telegram,,,,
subscribedToStreamer,Subscribe,ğŸ”” You will be notified when this streamer goes live!,ğŸ”” Â¡RecibirÃ¡s notificaciones cuando este streamer estÃ© en vivo!,,,,
unsubscribedFromStreamer,Subscribe,ğŸ”• You won't receive notifications from this streamer anymore,ğŸ”• Ya no recibirÃ¡s notificaciones de este streamer,,,,
radioTitle,Radio,ğŸ“» PNPtv Radio - 24/7,ğŸ“» Radio PNPtv - 24/7,,,,
listenNow,Radio,ğŸ§ Listen Now,ğŸ§ Escuchar Ahora,,,,
requestSong,Radio,ğŸµ Request Song,ğŸµ Pedir CanciÃ³n,,,,
nowPlaying,Radio,ğŸµ Now Playing,ğŸµ Sonando Ahora,,,,
radioSchedule,Radio,ğŸ“… Schedule,ğŸ“… ProgramaciÃ³n,,,,
streamUrl,Radio,Listen here: {url},Escuchar aquÃ­: {url},,,,
songRequested,Radio,Song request received! We'll play it soon.,Â¡Solicitud de canciÃ³n recibida! La reproduciremos pronto.,,,,
enterSongName,Radio,Enter song name to request:,Ingresa el nombre de la canciÃ³n:,,,,
radio_description,Radio,Your 24/7 music streaming experience,Tu experiencia de streaming musical 24/7,,,,
radio_onAir,Radio,On Air,Al Aire,,,,
radio_liveNow,Radio,Live Now,En Vivo Ahora,,,,
radio_tip,Radio,Tap the button below to open the stream in your favorite player,Toca el botÃ³n de abajo para abrir el stream en tu reproductor favorito,,,,
radio_openStream,Radio,ğŸ§ Open Stream,ğŸ§ Abrir Stream,,,,
radio_artist,Radio,Artist,Artista,,,,
radio_duration,Radio,Duration,DuraciÃ³n,,,,
radio_startedAt,Radio,Started at,ComenzÃ³ a las,,,,
radio_noSongPlaying,Radio,No song information available right now.,No hay informaciÃ³n de canciÃ³n disponible en este momento.,,,,
radio_history,Radio,ğŸ“œ History,ğŸ“œ Historial,,,,
radio_recentlyPlayed,Radio,Recently Played,Reproducidas Recientemente,,,,
radio_noHistory,Radio,No history available yet.,AÃºn no hay historial disponible.,,,,
radio_noSchedule,Radio,No schedule set yet.,AÃºn no hay programaciÃ³n.,,,,
radio_requestLimitReached,Radio,You have reached the daily request limit (5 songs).,Has alcanzado el lÃ­mite diario de solicitudes (5 canciones).,,,,
createRoom,Zoom,â• Create Room,â• Crear Sala,,,,
joinRoom,Zoom,â–¶ï¸ Join Room,â–¶ï¸ Unirse a Sala,,,,
myRooms,Zoom,ğŸ“‹ My Rooms,ğŸ“‹ Mis Salas,,,,
enterRoomName,Zoom,Enter room name:,Ingresa el nombre de la sala:,,,,
roomPrivacy,Zoom,Room privacy:,Privacidad de la sala:,,,,
publicRoom,Zoom,ğŸŒ Public,ğŸŒ PÃºblica,,,,
privateRoom,Zoom,ğŸ”’ Private,ğŸ”’ Privada,,,,
roomDuration,Zoom,Select duration:,Selecciona duraciÃ³n:,,,,
duration30,Zoom,30 minutes,30 minutos,,,,
duration60,Zoom,60 minutes,60 minutos,,,,
duration120,Zoom,2 hours,2 horas,,,,
roomCreated,Zoom,ğŸ¥ Your Zoom room is ready! Join URL: {url} ğŸ’¡ Share this link with participants.,ğŸ¥ Â¡Tu sala Zoom estÃ¡ lista! URL de Ingreso: {url} ğŸ’¡ Comparte este enlace con los participantes.,,,,
noActiveRooms,Zoom,No active rooms available.,No hay salas activas disponibles.,,,,
supportTitle,Support,ğŸ¤– Support Center,ğŸ¤– Centro de Soporte,,,,
chatWithCristina,Support,ğŸ’¬ Chat with Cristina (AI),ğŸ’¬ Chat con Cristina (IA),,,,
contactAdmin,Support,ğŸ‘¨â€ğŸ’¼ Contact Admin,ğŸ‘¨â€ğŸ’¼ Contactar Admin,,,,
faq,Support,â“ FAQ,â“ Preguntas Frecuentes,,,,
cristinaGreeting,Support,Hi! I'm Cristina, your AI assistant. How can I help you today?,"Â¡Hola! Soy Cristina, tu asistente IA. Â¿CÃ³mo puedo ayudarte hoy?",,,,
adminMessage,Support,Please type your message for our support team:,Por favor escribe tu mensaje para nuestro equipo de soporte:,,,,
messageSent,Support,Your message has been sent to our support team. We'll get back to you soon!,Â¡Tu mensaje ha sido enviado a nuestro equipo de soporte! Te responderemos pronto.,,,,
settingsTitle,Settings,âš™ï¸ Settings,âš™ï¸ ConfiguraciÃ³n,,,,
changeLanguage,Settings,ğŸŒ Change Language,ğŸŒ Cambiar Idioma,,,,
notifications,Settings,ğŸ”” Notifications,ğŸ”” Notificaciones,,,,
privacy,Settings,ğŸ”’ Privacy,ğŸ”’ Privacidad,,,,
about,Settings,â„¹ï¸ About,â„¹ï¸ Acerca de,,,,
languageChanged,Settings,Language changed successfully!,Â¡Idioma cambiado exitosamente!,,,,
adminPanel,Admin,ğŸ‘¨â€ğŸ’¼ Admin Panel,ğŸ‘¨â€ğŸ’¼ Panel de AdministraciÃ³n,,,,
userManagement,Admin,ğŸ‘¥ User Management,ğŸ‘¥ GestiÃ³n de Usuarios,,,,
broadcast,Admin,ğŸ“¢ Broadcast Message,ğŸ“¢ Mensaje de DifusiÃ³n,,,,
planManagement,Admin,ğŸ’ Plan Management,ğŸ’ GestiÃ³n de Planes,,,,
analytics,Admin,ğŸ“Š Analytics,ğŸ“Š AnalÃ­ticas,,,,
searchUser,Admin,Enter user ID or username to search:,Ingresa ID o nombre de usuario para buscar:,,,,
userFound,Admin,User found:,Usuario encontrado:,,,,
extendSubscription,Admin,â° Extend Subscription,â° Extender SuscripciÃ³n,,,,
deactivateUser,Admin,ğŸš« Deactivate User,ğŸš« Desactivar Usuario,,,,
broadcastTarget,Admin,Select broadcast target:,Selecciona objetivo de difusiÃ³n:,,,,
allUsers,Admin,ğŸ‘¥ All Users,ğŸ‘¥ Todos los Usuarios,,,,
premiumOnly,Admin,ğŸ’ Premium Only,ğŸ’ Solo Premium,,,,
freeOnly,Admin,ğŸ†“ Free Users Only,ğŸ†“ Solo Usuarios Gratis,,,,
enterBroadcast,Admin,Enter your broadcast message:,Ingresa tu mensaje de difusiÃ³n:,,,,
broadcastSent,Admin,Broadcast sent to {count} users!,Â¡DifusiÃ³n enviada a {count} usuarios!,,,,
gamification_title,Gamification,ğŸ® Gamification System,ğŸ® Sistema de GamificaciÃ³n,,,,
gamification_description,Gamification,"Manage user engagement, leaderboards, and badges","Gestiona el engagement de usuarios, rankings y badges",,,,
gamification_weeklyLeaderboard,Gamification,ğŸ† Weekly Leaderboard,ğŸ† Ranking Semanal,,,,
gamification_allTimeLeaderboard,Gamification,ğŸŒŸ All-Time Leaderboard,ğŸŒŸ Ranking de Todos los Tiempos,,,,
gamification_statistics,Gamification,ğŸ“Š Activity Statistics,ğŸ“Š EstadÃ­sticas de Actividad,,,,
gamification_badgeManagement,Gamification,ğŸ… Badge Management,ğŸ… GestiÃ³n de Badges,,,,
gamification_createBadge,Gamification,â• Create Custom Badge,â• Crear Badge Personalizado,,,,
gamification_listBadges,Gamification,ğŸ“‹ List Custom Badges,ğŸ“‹ Listar Badges Personalizados,,,,
gamification_assignBadge,Gamification,ğŸ¯ Assign Badge to User,ğŸ¯ Asignar Badge a Usuario,,,,
gamification_enterBadgeName,Gamification,Enter the badge name:,Ingresa el nombre del badge:,,,,
gamification_enterBadgeDescription,Gamification,Enter the badge description:,Ingresa la descripciÃ³n del badge:,,,,
gamification_enterBadgeIcon,Gamification,Enter the badge icon (emoji):,Ingresa el icono del badge (emoji):,,,,
gamification_badgeCreated,Gamification,Badge "{name}" created successfully!,Â¡Badge "{name}" creado exitosamente!,,,,
gamification_badgeDeleted,Gamification,Badge deleted successfully!,Â¡Badge eliminado exitosamente!,,,,
gamification_enterUserIdForBadge,Gamification,Enter the user ID to assign a badge:,Ingresa el ID del usuario para asignar un badge:,,,,
gamification_selectBadge,Gamification,Select a badge to assign:,Selecciona un badge para asignar:,,,,
gamification_badgeAssigned,Gamification,Badge assigned!,Â¡Badge asignado!,,,,
gamification_badgeAssignedSuccess,Gamification,Badge assigned to {name}: {badge},Badge asignado a {name}: {badge},,,,
gamification_badgeRemoved,Gamification,Badge removed!,Â¡Badge removido!,,,,
gamification_customBadges,Gamification,Custom Badges,Badges Personalizados,,,,
gamification_noBadges,Gamification,No custom badges created yet.,AÃºn no se han creado badges personalizados.,,,,
gamification_badgeDescription,Gamification,Create and manage custom badges for your community,Crea y gestiona badges personalizados para tu comunidad,,,,
gamification_noActivityThisWeek,Gamification,No activity recorded this week.,No hay actividad registrada esta semana.,,,,
gamification_noActivity,Gamification,No activity recorded yet.,AÃºn no hay actividad registrada.,,,,
gamification_userActivity,Gamification,User Activity Report,Reporte de Actividad del Usuario,,,,
gamification_noUserActivity,Gamification,No activity recorded for this user.,No hay actividad registrada para este usuario.,,,,
gamification_refresh,Gamification,ğŸ”„ Refresh,ğŸ”„ Actualizar,,,,
invalidInput,Errors,Invalid input. Please try again.,Entrada invÃ¡lida. Por favor intenta de nuevo.,,,,
unauthorized,Errors,You are not authorized to perform this action.,No estÃ¡s autorizado para realizar esta acciÃ³n.,,,,
subscriptionRequired,Errors,This feature requires a PRIME subscription.,Esta funciÃ³n requiere una suscripciÃ³n PRIME.,,,,
locationRequired,Errors,Please share your location first.,Por favor comparte tu ubicaciÃ³n primero.,,,,
networkError,Errors,Network error. Please check your connection and try again.,Error de red. Por favor verifica tu conexiÃ³n e intenta de nuevo.,,,,
serverError,Errors,Server error. Please try again later.,Error del servidor. Por favor intenta mÃ¡s tarde.,,,,
moderation_warning,Moderation,Warning,Advertencia,,,,
moderation_user_kicked,Moderation,User Removed,Usuario Eliminado,,,,
moderation_group_rules,Moderation,Group Rules,Reglas del Grupo,,,,
moderation_no_warnings,Moderation,No Warnings,Sin Advertencias,,,,
moderation_your_warnings,Moderation,Your Warnings,Tus Advertencias,,,,
moderation_username_required,Moderation,Username Required,Username Requerido,,,,
moderation_unauthorized_link,Moderation,Unauthorized link detected,Enlace no autorizado detectado,,,,
moderation_spam,Moderation,Spam message,Mensaje de spam,,,,
moderation_flooding,Moderation,Sending messages too fast,Enviando mensajes muy rÃ¡pido,,,,
moderation_profanity,Moderation,Inappropriate language,Lenguaje inapropiado,,,,
moderation_user_banned,Moderation,User is banned,Usuario estÃ¡ baneado,,,,
moderation_excessive_caps,Moderation,Excessive capital letters,Exceso de mayÃºsculas,,,,
moderation_excessive_emojis,Moderation,Too many emojis,Demasiados emojis,,,,
moderation_repeated_characters,Moderation,Repeated characters,Caracteres repetidos,,,,
moderation_excessive_punctuation,Moderation,Excessive punctuation,PuntuaciÃ³n excesiva,,,,
